{"cameraMode":{"drawMode":0,"name":"Shaded","section":"Shading Mode"},"sceneLighting":true,"audioPlay":false,"sceneViewState":{"m_AlwaysRefresh":false,"showFog":true,"showSkybox":true,"showFlares":true,"showImageEffects":true,"showParticleSystems":true,"showVisualEffectGraphs":true,"m_FxEnabled":true},"in2DMode":false,"pivot":{"x":-1.1182527542114258,"y":0.20828819274902345,"z":1.8692326545715333},"rotation":{"x":0.36440885066986086,"y":0.4823204278945923,"z":-0.23049947619438172,"w":0.7625260353088379},"size":8.026856422424317,"orthographic":false}