{"cameraMode":{"drawMode":0,"name":"Shaded","section":"Shading Mode"},"sceneLighting":true,"audioPlay":false,"sceneViewState":{"m_AlwaysRefresh":false,"showFog":true,"showSkybox":true,"showFlares":true,"showImageEffects":true,"showParticleSystems":true,"showVisualEffectGraphs":true,"m_FxEnabled":true},"in2DMode":false,"pivot":{"x":13.255529403686524,"y":6.066925048828125,"z":-2.1452066898345949},"rotation":{"x":0.06852120906114578,"y":-0.9204676747322083,"z":0.3357979655265808,"w":0.18782681226730348},"size":0.6473959684371948,"orthographic":false}